id,countryId,type,labelKo,labelLocal,labelEn,sensitivityLevel,aliases,sourceRefs,metadata
cambodia,cambodia,Country,캄보디아,កម្ពុជា,Cambodia,,"[""캄보디아"", ""Cambodia"", ""កម្ពុជា""]","[""jb_ppcbank"", ""jb_group""]","{""priorityForJB"": ""A"", ""relationshipType"": [""overseas_business"", ""ppcbank"", ""khmer_language_marketing""], ""languages"": [""km"", ""en""]}"
vietnam,vietnam,Country,베트남,Việt Nam,Vietnam,,"[""베트남"", ""Vietnam"", ""Việt Nam""]","[""jb_group""]","{""priorityForJB"": ""A"", ""relationshipType"": [""overseas_business"", ""jb_securities_vietnam"", ""domestic_foreign_customer"", ""vietnamese_language_marketing""], ""languages"": [""vi"", ""en""]}"
myanmar,myanmar,Country,미얀마,မြန်မာ,Myanmar,,"[""미얀마"", ""Myanmar"", ""မြန်မာ""]","[""jb_group""]","{""priorityForJB"": ""A-"", ""relationshipType"": [""overseas_business_possible"", ""myanmar_language_marketing"", ""high_political_sensitivity""], ""languages"": [""my"", ""en""]}"
china,china,Country,중국,中国,China,,"[""중국"", ""China"", ""中国""]","[""china_tibet_xinjiang_hk_reuters"", ""china_taiwan_flag_reuters""]","{""priorityForJB"": ""B"", ""relationshipType"": [""domestic_foreign_customer"", ""chinese_language_marketing"", ""high_sovereignty_symbol_sensitivity""], ""languages"": [""zh-CN"", ""zh-TW"", ""en""]}"
thailand,thailand,Country,태국,ประเทศไทย,Thailand,,"[""태국"", ""Thailand"", ""ประเทศไทย""]","[""thailand_lese_majeste_reuters"", ""thailand_lese_majeste_guardian""]","{""priorityForJB"": ""B"", ""relationshipType"": [""domestic_foreign_customer"", ""thai_language_marketing"", ""monarchy_buddhism_sensitivity""], ""languages"": [""th"", ""en""]}"
khm-khmer-rouge-genocide,cambodia,SensitiveEvent,크메르루주 학살·캄보디아 제노사이드,ខ្មែរក្រហម,Khmer Rouge genocide,high,"[""크메르루주 학살·캄보디아 제노사이드"", ""Khmer Rouge genocide"", ""ខ្មែរក្រហម"", ""Khmer Rouge"", ""Killing Fields""]","[""cambodia_genocide"", ""cambodia_memorial_sites_reuters""]","{""dates"": [""04-17"", ""05-20"", ""01-07""], ""eventType"": [""genocide"", ""national_trauma"", ""memorial""], ""reviewPolicy"": ""제노사이드·킬링필드 표현을 금융 혜택·세일·수익률 은유로 사용하는 경우 high/hold""}"
khm-pchum-ben,cambodia,SensitiveEvent,프춤번·조상 추모 기간,បុណ្យភ្ជុំបិណ្ឌ,Pchum Ben / Ancestors' Day,caution,"[""프춤번·조상 추모 기간"", ""Pchum Ben / Ancestors' Day"", ""បុណ្យភ្ជុំបិណ្ឌ"", ""ancestor day"", ""prayers""]","[""cambodia_pchum_ben""]","{""dates"": [""khmer-lunar-10th-month""], ""eventType"": [""ancestor_memorial"", ""buddhist_holiday""], ""reviewPolicy"": ""조상·죽음·영혼 관련 표현을 금융 프로모션으로 희화화하면 hold""}"
khm-national-symbols,cambodia,SensitiveEvent,캄보디아 왕실·불교·앙코르와트 상징,ជាតិ សាសនា ព្រះមហាក្សត្រ,Cambodian national symbols,caution,"[""캄보디아 왕실·불교·앙코르와트 상징"", ""Cambodian national symbols"", ""ជាតិ សាសនា ព្រះមហាក្សត្រ"", ""Nation Religion King"", ""Angkor Wat""]","[""cambodia_national_symbols"", ""cambodia_national_symbols""]","{""dates"": [], ""eventType"": [""national_symbol"", ""monarchy"", ""religion""], ""reviewPolicy"": ""왕실·불교·앙코르와트·국기 상징을 할인·대출 밈으로 쓰는 경우 hold""}"
vnm-reunification-day,vietnam,SensitiveEvent,베트남 통일·해방 기념일,"Ngày Giải phóng miền Nam, thống nhất đất nước",Reunification Day / Liberation Day,caution,"[""베트남 통일·해방 기념일"", ""Reunification Day / Liberation Day"", ""Ngày Giải phóng miền Nam, thống nhất đất nước"", ""Fall of Saigon"", ""Reunification""]","[""vietnam_reunification_day"", ""vietnam_public_holidays""]","{""dates"": [""04-30""], ""eventType"": [""national_day"", ""war_memory"", ""reunification""], ""reviewPolicy"": ""4월30일은 베트남 내에서는 국가 기념일이지만 해외 베트남 디아스포라에는 상반된 기억이 있어 정치적 문맥 주의""}"
vnm-national-day,vietnam,SensitiveEvent,베트남 국경일,Quốc khánh,Vietnam National Day,caution,"[""베트남 국경일"", ""Vietnam National Day"", ""Quốc khánh"", ""Ho Chi Minh"", ""Ba Dinh Square""]","[""vietnam_national_day""]","{""dates"": [""09-02""], ""eventType"": [""national_day"", ""independence""], ""reviewPolicy"": ""국기·호치민·국경일 상징은 존중 맥락만 허용; 금융 프로모션 밈화는 hold""}"
vnm-agent-orange-war,vietnam,SensitiveEvent,베트남전·고엽제 피해,Chất độc da cam,Vietnam War / Agent Orange legacy,high,"[""베트남전·고엽제 피해"", ""Vietnam War / Agent Orange legacy"", ""Chất độc da cam"", ""Agent Orange"", ""napalm""]","[""vietnam_agent_orange""]","{""dates"": [], ""eventType"": [""war_legacy"", ""chemical_harm"", ""victim_memory""], ""reviewPolicy"": ""고엽제·전쟁 피해 표현을 금융 수익·혜택 은유로 사용하면 high/hold""}"
vnm-tet,vietnam,SensitiveEvent,베트남 설·뗏,Tết Nguyên Đán,Tết Lunar New Year,info,"[""베트남 설·뗏"", ""Tết Lunar New Year"", ""Tết Nguyên Đán"", ""family reunion"", ""ancestors""]","[""vietnam_public_holidays""]","{""dates"": [""lunar-new-year""], ""eventType"": [""family_holiday"", ""national_holiday""], ""reviewPolicy"": ""뗏 프로모션은 가능하나 조상·가난·도박·미신 조롱 및 과잉 상업화 주의""}"
vnm-hung-kings,vietnam,SensitiveEvent,흥왕 기일,Giỗ tổ Hùng Vương,Hung Kings Commemoration,caution,"[""흥왕 기일"", ""Hung Kings Commemoration"", ""Giỗ tổ Hùng Vương"", ""Hung Kings"", ""founding ancestors""]","[""vietnam_public_holidays""]","{""dates"": [""lunar-03-10""], ""eventType"": [""ancestral_origin"", ""national_heritage""], ""reviewPolicy"": ""민족 시조·조상 숭배 맥락을 금융 상품 밈으로 쓰면 caution/hold""}"
mmr-2021-coup,myanmar,SensitiveEvent,2021년 미얀마 군부 쿠데타,၂၀၂၁ အာဏာသိမ်း,2021 Myanmar coup,high,"[""2021년 미얀마 군부 쿠데타"", ""2021 Myanmar coup"", ""၂၀၂၁ အာဏာသိမ်း"", ""coup"", ""Tatmadaw""]","[""myanmar_coup_reuters"", ""myanmar_coup_overview""]","{""dates"": [""02-01""], ""eventType"": [""political_crisis"", ""military_coup"", ""civil_disobedience""], ""reviewPolicy"": ""쿠데타·시위 상징을 금융 혜택·이벤트로 소비하거나 정치 편향으로 해석될 표현은 high/hold""}"
mmr-rohingya-rakhine,myanmar,SensitiveEvent,로힝야·라카인 인권 위기,ရိုဟင်ဂျာ,Rohingya / Rakhine crisis,high,"[""로힝야·라카인 인권 위기"", ""Rohingya / Rakhine crisis"", ""ရိုဟင်ဂျာ"", ""Rohingya"", ""Rakhine""]","[""myanmar_rohingya""]","{""dates"": [], ""eventType"": [""ethnic_conflict"", ""human_rights"", ""refugee_crisis""], ""reviewPolicy"": ""로힝야·라카인·난민 표현을 금융상품 조롱·고정관념·프로모션으로 사용하면 high/hold""}"
mmr-8888-uprising,myanmar,SensitiveEvent,8888 민주화 항쟁,၈၈၈၈ အရေးအခင်း,8888 Uprising,high,"[""8888 민주화 항쟁"", ""8888 Uprising"", ""၈၈၈၈ အရေးအခင်း"", ""8888"", ""pro-democracy""]","[""myanmar_coup_overview""]","{""dates"": [""08-08""], ""eventType"": [""democracy_movement"", ""state_violence"", ""memorial""], ""reviewPolicy"": ""8888·민주화·진압 표현을 금융 프로모션과 결합하면 high/hold""}"
mmr-thingyan,myanmar,SensitiveEvent,띤잔·미얀마 신년 물축제,သင်္ကြန်,Thingyan Water Festival,info,"[""띤잔·미얀마 신년 물축제"", ""Thingyan Water Festival"", ""သင်္ကြန်"", ""water festival"", ""new year""]","[""myanmar_coup_overview""]","{""dates"": [""myanmar-new-year""], ""eventType"": [""new_year"", ""water_festival"", ""buddhist_cultural_holiday""], ""reviewPolicy"": ""명절 프로모션은 가능하나 종교·정치·군부 폭력 문맥과 결합 시 주의""}"
mmr-buddhism-sacred,myanmar,SensitiveEvent,미얀마 불교·파고다 상징,ဗုဒ္ဓဘာသာ,Myanmar Buddhism / pagoda,caution,"[""미얀마 불교·파고다 상징"", ""Myanmar Buddhism / pagoda"", ""ဗုဒ္ဓဘာသာ"", ""Buddhism"", ""monks""]","[""myanmar_coup_overview""]","{""dates"": [], ""eventType"": [""religion"", ""sacred_symbol""], ""reviewPolicy"": ""승려·불상·파고다를 금융상품 캐릭터·할인 밈으로 사용하면 hold""}"
chn-prc-national-day,china,SensitiveEvent,중국 국경절,国庆节,PRC National Day,caution,"[""중국 국경절"", ""PRC National Day"", ""国庆节"", ""National Day"", ""Golden Week""]","[""china_national_day""]","{""dates"": [""10-01""], ""eventType"": [""national_day"", ""sovereignty"", ""patriotism""], ""reviewPolicy"": ""국기·국경절·천안문 광장 상징은 존중 맥락만 사용; 조롱·정치 풍자·지도 오류와 결합 시 high/hold""}"
chn-taiwan-sovereignty,china,SensitiveEvent,대만·중국 주권 민감성,台湾,Taiwan / One-China sensitivity,high,"[""대만·중국 주권 민감성"", ""Taiwan / One-China sensitivity"", ""台湾"", ""Taiwan"", ""Chinese Taipei""]","[""china_taiwan_flag_reuters"", ""china_taiwan_restoration_ap""]","{""dates"": [""10-10"", ""10-25""], ""eventType"": [""sovereignty"", ""cross_strait"", ""territorial_sensitivity""], ""reviewPolicy"": ""국가 목록·지도·국기·대만 표기 오류는 중화권 금융 마케팅에서 high/hold""}"
chn-hk-tibet-xinjiang,china,SensitiveEvent,홍콩·티베트·신장 정치 민감 이슈,香港 / 西藏 / 新疆,Hong Kong / Tibet / Xinjiang sensitivity,high,"[""홍콩·티베트·신장 정치 민감 이슈"", ""Hong Kong / Tibet / Xinjiang sensitivity"", ""香港 / 西藏 / 新疆"", ""Hong Kong"", ""Tibet""]","[""china_tibet_xinjiang_hk_reuters""]","{""dates"": [], ""eventType"": [""political_sensitivity"", ""autonomy"", ""ethnic_religious_sensitivity""], ""reviewPolicy"": ""해당 지명·상징·정치 슬로건을 금융 프로모션·지도·국가 목록에 부정확하게 사용하면 high/hold""}"
chn-tiananmen-june4,china,SensitiveEvent,천안문 6·4 사건,天安门 / 六四,Tiananmen / June Fourth,high,"[""천안문 6·4 사건"", ""Tiananmen / June Fourth"", ""天安门 / 六四"", ""Tiananmen"", ""June Fourth""]","[""china_tibet_xinjiang_hk_reuters""]","{""dates"": [""06-04""], ""eventType"": [""political_memory"", ""state_violence"", ""censorship_sensitive""], ""reviewPolicy"": ""천안문·6/4·탱크맨 표현을 금융 프로모션 은유로 쓰면 high/hold""}"
chn-lunar-new-year,china,SensitiveEvent,춘절·중국 설,春节,Chinese New Year / Spring Festival,info,"[""춘절·중국 설"", ""Chinese New Year / Spring Festival"", ""春节"", ""Spring Festival"", ""red envelope""]","[""china_national_day""]","{""dates"": [""lunar-new-year""], ""eventType"": [""family_holiday"", ""national_holiday""], ""reviewPolicy"": ""춘절 마케팅은 가능하나 도박·빈곤·국가 상징 조롱과 결합 시 caution""}"
tha-monarchy-article112,thailand,SensitiveEvent,태국 왕실·왕실모독법 민감성,สถาบันพระมหากษัตริย์ / มาตรา 112,Thai monarchy / Article 112,high,"[""태국 왕실·왕실모독법 민감성"", ""Thai monarchy / Article 112"", ""สถาบันพระมหากษัตริย์ / มาตรา 112"", ""royal family"", ""Article 112""]","[""thailand_lese_majeste_reuters"", ""thailand_lese_majeste_guardian""]","{""dates"": [], ""eventType"": [""monarchy"", ""legal_sensitivity"", ""national_institution""], ""reviewPolicy"": ""왕실·국왕 이미지·왕실 문장을 금융 혜택/밈/조롱에 사용하면 high/hold""}"
tha-buddhism-sacred,thailand,SensitiveEvent,태국 불교·사원·불상 상징,พุทธศาสนา,Thai Buddhism / sacred symbols,high,"[""태국 불교·사원·불상 상징"", ""Thai Buddhism / sacred symbols"", ""พุทธศาสนา"", ""Buddha"", ""monks""]","[""thailand_lese_majeste_guardian""]","{""dates"": [], ""eventType"": [""religion"", ""sacred_symbol""], ""reviewPolicy"": ""불상·승려·사원 상징을 금융상품 캐릭터·캐시백 밈으로 쓰면 hold""}"
tha-songkran,thailand,SensitiveEvent,송끄란·태국 설 물축제,สงกรานต์,Songkran / Thai New Year,info,"[""송끄란·태국 설 물축제"", ""Songkran / Thai New Year"", ""สงกรานต์"", ""water festival"", ""Thai New Year""]","[""thailand_lese_majeste_guardian""]","{""dates"": [""04-13"", ""04-14"", ""04-15""], ""eventType"": [""new_year"", ""water_festival"", ""family_holiday""], ""reviewPolicy"": ""송끄란 금융 프로모션은 가능하나 불교·왕실·사고/음주운전 비하와 결합 시 caution/hold""}"
tha-2014-coup-2020-protest,thailand,SensitiveEvent,태국 군부 쿠데타·민주화 시위 상징,ชูสามนิ้ว,Thai coup / pro-democracy protest symbols,high,"[""태국 군부 쿠데타·민주화 시위 상징"", ""Thai coup / pro-democracy protest symbols"", ""ชูสามนิ้ว"", ""2014 coup"", ""2020 protests""]","[""three_finger_salute"", ""thailand_lese_majeste_reuters""]","{""dates"": [""05-22""], ""eventType"": [""political_protest"", ""military_coup"", ""democracy_movement""], ""reviewPolicy"": ""쿠데타·시위·색깔 정치 상징을 금융 프로모션에 쓰면 high/hold""}"
tha-royal-days,thailand,SensitiveEvent,왕실 관련 기념일,วันเฉลิมพระชนมพรรษา,Royal-related memorial/birthday days,caution,"[""왕실 관련 기념일"", ""Royal-related memorial/birthday days"", ""วันเฉลิมพระชนมพรรษา"", ""King's Birthday"", ""Former King's Birthday""]","[""thailand_lese_majeste_reuters""]","{""dates"": [""07-28"", ""12-05"", ""10-13""], ""eventType"": [""royal_day"", ""national_emotion""], ""reviewPolicy"": ""왕실 기념일에는 존중 문맥만 허용; 할인/농담/이미지 변형은 high/hold""}"
khm-term-killing-fields,cambodia,SensitiveTerm,킬링필드,វាលពិឃាត,Killing Fields,high,"[""킬링필드"", ""Killing Fields"", ""killing field""]","[""cambodia_genocide""]","{""termType"": ""genocide_memory"", ""unsafeContexts"": [""할인"", ""세일"", ""금리"", ""수익률"", ""cashback"", ""game""], ""safeContexts"": [""역사교육"", ""추모"", ""보도""]}"
khm-term-tuol-sleng,cambodia,SensitiveTerm,뚜얼슬랭·S-21,ទួលស្លែង,Tuol Sleng / S-21,high,"[""뚜얼슬랭"", ""Tuol Sleng"", ""S-21"", ""Security Prison 21""]","[""cambodia_memorial_sites_reuters""]","{""termType"": ""genocide_site"", ""unsafeContexts"": [""loan"", ""rate"", ""promo"", ""discount""], ""safeContexts"": [""역사교육"", ""박물관 안내"", ""추모""]}"
khm-term-year-zero,cambodia,SensitiveTerm,Year Zero,ឆ្នាំសូន្យ,Year Zero,high,"[""Year Zero"", ""제로부터 시작"", ""0년""]","[""cambodia_genocide""]","{""termType"": ""regime_slogan"", ""unsafeContexts"": [""zero_fee"", ""zero_interest"", ""new_start_promo""], ""safeContexts"": [""역사 설명""]}"
khm-term-pol-pot,cambodia,SensitiveTerm,폴 포트,ប៉ុល ពត,Pol Pot,high,"[""Pol Pot"", ""폴 포트""]","[""cambodia_genocide""]","{""termType"": ""dictator_reference"", ""unsafeContexts"": [""joke"", ""promo"", ""nickname""], ""safeContexts"": [""역사교육"", ""보도""]}"
khm-term-ancestor,cambodia,SensitiveTerm,조상·선조,ដូនតា,Ancestor,caution,"[""ancestor"", ""조상"", ""ដូនតា""]","[""cambodia_pchum_ben""]","{""termType"": ""ancestor_memorial"", ""unsafeContexts"": [""discount"", ""ghost_promo"", ""dead_rate""], ""safeContexts"": [""추모"", ""종교행사"", ""가족 안내""]}"
khm-term-ghost,cambodia,SensitiveTerm,영혼·귀신,ខ្មោច,spirit / ghost,caution,"[""ghost"", ""spirit"", ""영혼"", ""귀신""]","[""cambodia_pchum_ben""]","{""termType"": ""religious_afterlife"", ""unsafeContexts"": [""cashback"", ""ghost discount"", ""dead rate""], ""safeContexts"": [""종교 설명"", ""민속 소개""]}"
khm-term-offering,cambodia,SensitiveTerm,공양·제물,បាយបិណ្ឌ,offering,caution,"[""공양"", ""제물"", ""offering"", ""rice balls""]","[""cambodia_pchum_ben""]","{""termType"": ""religious_offering"", ""unsafeContexts"": [""금융혜택"", ""쿠폰"", ""이벤트""], ""safeContexts"": [""종교 설명"", ""공식 행사""]}"
khm-term-king,cambodia,SensitiveTerm,국왕·왕실,ព្រះមហាក្សត្រ,King / Royal family,caution,"[""King"", ""Royal"", ""국왕"", ""왕실"", ""ព្រះមហាក្សត្រ""]","[""cambodia_national_symbols""]","{""termType"": ""monarchy"", ""unsafeContexts"": [""joke"", ""discount"", ""loan_name""], ""safeContexts"": [""공식 존중 표현"", ""역사 설명""]}"
khm-term-buddhism,cambodia,SensitiveTerm,불교·스님,ព្រះពុទ្ធសាសនា,Buddhism / monk,caution,"[""불교"", ""스님"", ""Buddha"", ""monk"", ""ព្រះពុទ្ធសាសនា""]","[""cambodia_national_symbols""]","{""termType"": ""religion"", ""unsafeContexts"": [""cashback"", ""coupon"", ""meme""], ""safeContexts"": [""종교 안내"", ""문화 소개""]}"
vnm-term-april30,vietnam,SensitiveTerm,4월30일·해방일,30/4,April 30 / Liberation Day,caution,"[""30/4"", ""April 30"", ""Giải phóng"", ""Liberation Day"", ""Victory Day""]","[""vietnam_reunification_day""]","{""termType"": ""national_war_date"", ""unsafeContexts"": [""flash sale"", ""political slogan"", ""division joke""], ""safeContexts"": [""공식 기념"", ""문화 안내""]}"
vnm-term-saigon-fall,vietnam,SensitiveTerm,사이공 함락,Sài Gòn thất thủ,Fall of Saigon,high,"[""Fall of Saigon"", ""Saigon falls"", ""사이공 함락""]","[""vietnam_reunification_day""]","{""termType"": ""war_memory"", ""unsafeContexts"": [""loan crash"", ""rate fall"", ""promo""], ""safeContexts"": [""역사교육"", ""보도""]}"
vnm-term-black-april,vietnam,SensitiveTerm,검은 4월,Tháng Tư Đen,Black April,high,"[""Black April"", ""검은 4월"", ""Tháng Tư Đen""]","[""vietnam_reunification_day""]","{""termType"": ""diaspora_mourning"", ""unsafeContexts"": [""discount"", ""event"", ""joke""], ""safeContexts"": [""해외 베트남 커뮤니티 설명"", ""역사 맥락""]}"
vnm-term-ho-chi-minh,vietnam,SensitiveTerm,호치민,Hồ Chí Minh,Ho Chi Minh,caution,"[""Ho Chi Minh"", ""Hồ Chí Minh"", ""호치민"", ""Uncle Ho""]","[""vietnam_national_day""]","{""termType"": ""national_leader"", ""unsafeContexts"": [""joke"", ""mascot"", ""loan_name""], ""safeContexts"": [""공식 존중"", ""역사 설명""]}"
vnm-term-national-day,vietnam,SensitiveTerm,국경일·독립,Quốc khánh,National Day / Independence,caution,"[""Quốc khánh"", ""National Day"", ""Independence Day"", ""국경일""]","[""vietnam_national_day""]","{""termType"": ""national_day"", ""unsafeContexts"": [""cheap deal"", ""mockery""], ""safeContexts"": [""축하"", ""공식 안내""]}"
vnm-term-agent-orange,vietnam,SensitiveTerm,고엽제,Chất độc da cam,Agent Orange,high,"[""Agent Orange"", ""고엽제"", ""Chất độc da cam"", ""da cam""]","[""vietnam_agent_orange""]","{""termType"": ""chemical_war_victim_memory"", ""unsafeContexts"": [""cashback"", ""orange discount"", ""rate bomb""], ""safeContexts"": [""역사교육"", ""피해자 지원""]}"
vnm-term-napalm,vietnam,SensitiveTerm,네이팜,napalm,Napalm,high,"[""napalm"", ""네이팜"", ""폭격""]","[""vietnam_agent_orange""]","{""termType"": ""war_harm"", ""unsafeContexts"": [""혜택 폭격"", ""loan bomb"", ""discount fire""], ""safeContexts"": [""역사교육"", ""보도""]}"
vnm-term-war,vietnam,SensitiveTerm,베트남전,Chiến tranh Việt Nam,Vietnam War,caution,"[""Vietnam War"", ""베트남전"", ""war""]","[""vietnam_reunification_day""]","{""termType"": ""war_memory"", ""unsafeContexts"": [""promo"", ""joke""], ""safeContexts"": [""역사 설명""]}"
vnm-term-tet,vietnam,SensitiveTerm,뗏·설,Tết,Tết,info,"[""Tết"", ""Tet"", ""설""]","[""vietnam_public_holidays""]","{""termType"": ""family_holiday"", ""unsafeContexts"": [""gambling joke"", ""debt joke""], ""safeContexts"": [""가족 혜택"", ""명절 송금 안내""]}"
vnm-term-lucky-money,vietnam,SensitiveTerm,세뱃돈·리시,lì xì,Lucky money,info,"[""lì xì"", ""lucky money"", ""세뱃돈""]","[""vietnam_public_holidays""]","{""termType"": ""holiday_money_custom"", ""unsafeContexts"": [""loan trap"", ""gambling""], ""safeContexts"": [""명절 송금/카드 혜택""]}"
vnm-term-hung-kings,vietnam,SensitiveTerm,흥왕,Hùng Vương,Hung Kings,caution,"[""Hùng Vương"", ""Hung Kings"", ""흥왕""]","[""vietnam_public_holidays""]","{""termType"": ""founding_ancestor"", ""unsafeContexts"": [""discount joke""], ""safeContexts"": [""공식 기념""]}"
vnm-term-ancestor,vietnam,SensitiveTerm,조상,tổ tiên,Ancestor,caution,"[""ancestor"", ""조상"", ""tổ tiên""]","[""vietnam_public_holidays""]","{""termType"": ""ancestor_respect"", ""unsafeContexts"": [""promo joke""], ""safeContexts"": [""추모"", ""가족""]}"
mmr-term-coup,myanmar,SensitiveTerm,쿠데타,အာဏာသိမ်း,Coup,high,"[""coup"", ""아웅산"", ""အာဏာသိမ်း"", ""군부 쿠데타""]","[""myanmar_coup_reuters""]","{""termType"": ""military_coup"", ""unsafeContexts"": [""loan coup"", ""rate seizure"", ""discount revolution""], ""safeContexts"": [""보도"", ""정치 설명""]}"
mmr-term-tatmadaw,myanmar,SensitiveTerm,미얀마 군부·탓마도,တပ်မတော်,Tatmadaw,high,"[""Tatmadaw"", ""တပ်မတော်"", ""군부""]","[""myanmar_coup_reuters""]","{""termType"": ""military_institution"", ""unsafeContexts"": [""promo"", ""mascot"", ""loan""], ""safeContexts"": [""보도"", ""정치 분석""]}"
mmr-term-cdm,myanmar,SensitiveTerm,시민불복종운동,CDM,Civil Disobedience Movement,high,"[""CDM"", ""civil disobedience"", ""시민불복종""]","[""myanmar_coup_reuters""]","{""termType"": ""protest_symbol"", ""unsafeContexts"": [""cashback"", ""discount""], ""safeContexts"": [""정치 설명"", ""뉴스""]}"
mmr-term-aung-san-suu-kyi,myanmar,SensitiveTerm,아웅산 수치,ဒေါ်အောင်ဆန်းစုကြည်,Aung San Suu Kyi,caution,"[""Aung San Suu Kyi"", ""Suu Kyi"", ""아웅산 수치""]","[""myanmar_coup_reuters""]","{""termType"": ""political_figure"", ""unsafeContexts"": [""joke"", ""loan_name""], ""safeContexts"": [""뉴스"", ""정치 분석""]}"
mmr-term-rohingya,myanmar,SensitiveTerm,로힝야,ရိုဟင်ဂျာ,Rohingya,high,"[""Rohingya"", ""로힝야"", ""ရိုဟင်ဂျာ""]","[""myanmar_rohingya""]","{""termType"": ""ethnic_group_sensitive"", ""unsafeContexts"": [""targeted_promo"", ""joke"", ""stereotype""], ""safeContexts"": [""인권 안내"", ""지원 캠페인""]}"
mmr-term-rakhine,myanmar,SensitiveTerm,라카인,ရခိုင်,Rakhine,caution,"[""Rakhine"", ""라카인"", ""ရခိုင်""]","[""myanmar_rohingya""]","{""termType"": ""conflict_region"", ""unsafeContexts"": [""discount joke"", ""ethnic stereotype""], ""safeContexts"": [""지역 정보"", ""인권 설명""]}"
mmr-term-refugee,myanmar,SensitiveTerm,난민,ဒုက္ခသည်,Refugee,high,"[""refugee"", ""난민"", ""ဒုက္ခသည်""]","[""myanmar_rohingya""]","{""termType"": ""displacement_victim"", ""unsafeContexts"": [""loan refugee"", ""fee escape""], ""safeContexts"": [""지원 안내"", ""인권 캠페인""]}"
mmr-term-8888,myanmar,SensitiveTerm,8888,၈၈၈၈,8888 Uprising,high,"[""8888"", ""8-8-88"", ""၈၈၈၈""]","[""myanmar_coup_overview""]","{""termType"": ""democracy_movement_date"", ""unsafeContexts"": [""promo code"", ""coupon"", ""cashback""], ""safeContexts"": [""역사 설명""]}"
mmr-term-crackdown,myanmar,SensitiveTerm,진압,ဖြိုခွင်း,Crackdown,high,"[""crackdown"", ""진압"", ""ဖြိုခွင်း""]","[""myanmar_coup_reuters""]","{""termType"": ""state_violence"", ""unsafeContexts"": [""fee crackdown"", ""rate crackdown""], ""safeContexts"": [""보도"", ""역사 설명""]}"
mmr-term-thingyan,myanmar,SensitiveTerm,띤잔,သင်္ကြန်,Thingyan,info,"[""Thingyan"", ""띤잔"", ""သင်္ကြန်""]","[""myanmar_coup_overview""]","{""termType"": ""new_year_holiday"", ""unsafeContexts"": [""political joke""], ""safeContexts"": [""명절 송금"", ""신년 인사""]}"
mmr-term-water,myanmar,SensitiveTerm,물축제,ရေသဘင်,Water festival,info,"[""water festival"", ""물축제"", ""ရေပက်""]","[""myanmar_coup_overview""]","{""termType"": ""holiday_symbol"", ""unsafeContexts"": [""drowning joke""], ""safeContexts"": [""명절 축하""]}"
mmr-term-buddhism,myanmar,SensitiveTerm,불교,ဗုဒ္ဓဘာသာ,Buddhism,caution,"[""Buddhism"", ""불교"", ""ဗုဒ္ဓဘာသာ""]","[""myanmar_coup_overview""]","{""termType"": ""religion"", ""unsafeContexts"": [""loan mascot"", ""discount""], ""safeContexts"": [""문화 안내""]}"
mmr-term-monk,myanmar,SensitiveTerm,승려,ဘုန်းကြီး,Monk,caution,"[""monk"", ""승려"", ""ဘုန်းကြီး""]","[""myanmar_coup_overview""]","{""termType"": ""religious_person"", ""unsafeContexts"": [""cashback character"", ""joke""], ""safeContexts"": [""종교 행사""]}"
chn-term-national-day,china,SensitiveTerm,국경절,国庆节,National Day,caution,"[""国庆节"", ""National Day"", ""국경절"", ""10/1""]","[""china_national_day""]","{""termType"": ""national_day"", ""unsafeContexts"": [""political joke"", ""map mistake""], ""safeContexts"": [""공식 축하"", ""여행/휴일 안내""]}"
chn-term-golden-week,china,SensitiveTerm,황금연휴,黄金周,Golden Week,info,"[""Golden Week"", ""黄金周"", ""황금연휴""]","[""china_national_day""]","{""termType"": ""holiday_travel"", ""unsafeContexts"": [""political mockery""], ""safeContexts"": [""여행/환전/송금 안내""]}"
chn-term-taiwan,china,SensitiveTerm,대만,台湾,Taiwan,high,"[""Taiwan"", ""台湾"", ""대만"", ""ROC""]","[""china_taiwan_flag_reuters""]","{""termType"": ""sovereignty_sensitive_entity"", ""unsafeContexts"": [""country_list_error"", ""flag_error"", ""independence slogan""], ""safeContexts"": [""정확한 프로토콜"", ""지역 표기 검토""]}"
chn-term-chinese-taipei,china,SensitiveTerm,차이니즈 타이베이,中国台北,Chinese Taipei,caution,"[""Chinese Taipei"", ""中国台北"", ""차이니즈 타이베이""]","[""china_taiwan_flag_reuters""]","{""termType"": ""protocol_name"", ""unsafeContexts"": [""wrong flag"", ""country categorization""], ""safeContexts"": [""스포츠/프로토콜 설명""]}"
chn-term-double-ten,china,SensitiveTerm,쌍십절,双十节,Double Ten Day,high,"[""Double Ten"", ""双十节"", ""10/10"", ""쌍십절""]","[""china_taiwan_flag_reuters""]","{""termType"": ""taiwan_national_day"", ""unsafeContexts"": [""PRC campaign"", ""map/flag""], ""safeContexts"": [""대만 고객 안내에서 정확한 검토""]}"
chn-term-hong-kong,china,SensitiveTerm,홍콩,香港,Hong Kong,caution,"[""Hong Kong"", ""香港"", ""홍콩""]","[""china_tibet_xinjiang_hk_reuters""]","{""termType"": ""autonomy_political_sensitivity"", ""unsafeContexts"": [""independence slogan"", ""protest image""], ""safeContexts"": [""금융센터 안내"", ""지역명""]}"
chn-term-tibet,china,SensitiveTerm,티베트,西藏,Tibet,high,"[""Tibet"", ""西藏"", ""티베트""]","[""china_tibet_xinjiang_hk_reuters""]","{""termType"": ""ethnic_religious_political_sensitivity"", ""unsafeContexts"": [""independence slogan"", ""flag""], ""safeContexts"": [""역사/문화 설명""]}"
chn-term-xinjiang,china,SensitiveTerm,신장·위구르,新疆 / 维吾尔,Xinjiang / Uyghur,high,"[""Xinjiang"", ""新疆"", ""Uyghur"", ""위구르"", ""신장""]","[""china_tibet_xinjiang_hk_reuters""]","{""termType"": ""ethnic_religious_political_sensitivity"", ""unsafeContexts"": [""stereotype"", ""joke"", ""forced labor""], ""safeContexts"": [""인권/지역 설명""]}"
chn-term-tiananmen,china,SensitiveTerm,천안문,天安门,Tiananmen,high,"[""Tiananmen"", ""天安门"", ""천안문""]","[""china_national_day""]","{""termType"": ""political_memory_site"", ""unsafeContexts"": [""rate square"", ""promo"", ""tank""], ""safeContexts"": [""역사/관광 안내""]}"
chn-term-june-fourth,china,SensitiveTerm,6·4,六四,June Fourth,high,"[""June Fourth"", ""六四"", ""6/4"", ""6·4""]","[""china_tibet_xinjiang_hk_reuters""]","{""termType"": ""political_memory_date"", ""unsafeContexts"": [""coupon code"", ""promo""], ""safeContexts"": [""역사 설명""]}"
chn-term-tank-man,china,SensitiveTerm,탱크맨,坦克人,Tank Man,high,"[""Tank Man"", ""탱크맨"", ""坦克人""]","[""china_tibet_xinjiang_hk_reuters""]","{""termType"": ""political_memory_symbol"", ""unsafeContexts"": [""card benefit"", ""loan tank""], ""safeContexts"": [""역사 설명""]}"
chn-term-spring-festival,china,SensitiveTerm,춘절,春节,Spring Festival,info,"[""春节"", ""Spring Festival"", ""Chinese New Year"", ""춘절""]","[""china_national_day""]","{""termType"": ""family_holiday"", ""unsafeContexts"": [""debt joke"", ""gambling""], ""safeContexts"": [""명절 혜택"", ""송금 안내""]}"
chn-term-red-envelope,china,SensitiveTerm,홍바오,红包,Red envelope,info,"[""红包"", ""red envelope"", ""홍바오""]","[""china_national_day""]","{""termType"": ""holiday_money_symbol"", ""unsafeContexts"": [""gambling"", ""debt trap""], ""safeContexts"": [""명절 송금/캐시백""]}"
tha-term-king,thailand,SensitiveTerm,국왕·왕실,พระมหากษัตริย์,King / Royal family,high,"[""King"", ""Royal"", ""국왕"", ""왕실"", ""พระมหากษัตริย์""]","[""thailand_lese_majeste_reuters""]","{""termType"": ""monarchy"", ""unsafeContexts"": [""loan king"", ""royal cashback"", ""joke"", ""cartoon""], ""safeContexts"": [""공식 존중"", ""공휴일 안내""]}"
tha-term-article112,thailand,SensitiveTerm,왕실모독법 112조,มาตรา 112,Article 112 / lèse-majesté,high,"[""Article 112"", ""มาตรา 112"", ""lese majeste"", ""왕실모독""]","[""thailand_lese_majeste_reuters""]","{""termType"": ""legal_political_sensitivity"", ""unsafeContexts"": [""promo code 112"", ""joke""], ""safeContexts"": [""법률 설명"", ""뉴스""]}"
tha-term-royal,thailand,SensitiveTerm,로열·왕실 표현,ราช,Royal,caution,"[""Royal"", ""ราช"", ""로열"", ""왕실""]","[""thailand_lese_majeste_guardian""]","{""termType"": ""monarchy_reference"", ""unsafeContexts"": [""discount name"", ""mascot""], ""safeContexts"": [""공식/고급 브랜드명 검토 필요""]}"
tha-term-buddha,thailand,SensitiveTerm,부처·불상,พระพุทธเจ้า,Buddha,high,"[""Buddha"", ""불상"", ""부처"", ""พระพุทธเจ้า""]","[""thailand_lese_majeste_guardian""]","{""termType"": ""religious_sacred"", ""unsafeContexts"": [""cashback mascot"", ""joke"", ""loan""], ""safeContexts"": [""문화/종교 설명""]}"
tha-term-monk,thailand,SensitiveTerm,승려,พระสงฆ์,Monk,high,"[""monk"", ""승려"", ""พระสงฆ์""]","[""thailand_lese_majeste_guardian""]","{""termType"": ""religious_person"", ""unsafeContexts"": [""card mascot"", ""discount""], ""safeContexts"": [""종교/문화 안내""]}"
tha-term-temple,thailand,SensitiveTerm,사원,วัด,Temple / Wat,caution,"[""wat"", ""temple"", ""사원"", ""วัด""]","[""thailand_lese_majeste_guardian""]","{""termType"": ""religious_place"", ""unsafeContexts"": [""promo set"", ""coupon""], ""safeContexts"": [""관광/문화 안내""]}"
tha-term-songkran,thailand,SensitiveTerm,송끄란,สงกรานต์,Songkran,info,"[""Songkran"", ""송끄란"", ""สงกรานต์""]","[""thailand_lese_majeste_guardian""]","{""termType"": ""new_year_holiday"", ""unsafeContexts"": [""drunk joke"", ""accident metaphor""], ""safeContexts"": [""명절 송금/카드 안내""]}"
tha-term-water,thailand,SensitiveTerm,물·물총,น้ำ,Water,info,"[""water"", ""water gun"", ""물총"", ""น้ำ""]","[""thailand_lese_majeste_guardian""]","{""termType"": ""holiday_water_symbol"", ""unsafeContexts"": [""drowning"", ""disaster""], ""safeContexts"": [""송끄란 프로모션""]}"
tha-term-coup,thailand,SensitiveTerm,쿠데타,รัฐประหาร,Coup,high,"[""coup"", ""รัฐประหาร"", ""쿠데타""]","[""three_finger_salute""]","{""termType"": ""military_coup"", ""unsafeContexts"": [""loan coup"", ""rate coup""], ""safeContexts"": [""뉴스/역사 설명""]}"
tha-term-three-finger,thailand,SensitiveTerm,세 손가락 경례,ชูสามนิ้ว,Three-finger salute,high,"[""three-finger salute"", ""ชูสามนิ้ว"", ""세 손가락""]","[""three_finger_salute""]","{""termType"": ""protest_symbol"", ""unsafeContexts"": [""card pose"", ""promo""], ""safeContexts"": [""정치 보도""]}"
tha-term-red-yellow,thailand,SensitiveTerm,레드셔츠·옐로셔츠,เสื้อแดง/เสื้อเหลือง,Red/Yellow political colors,caution,"[""red shirts"", ""yellow shirts"", ""레드셔츠"", ""옐로셔츠""]","[""three_finger_salute""]","{""termType"": ""political_color_identity"", ""unsafeContexts"": [""campaign targeting""], ""safeContexts"": [""정치 설명""]}"
khm-symbol-skull-memorial,cambodia,SensitiveSymbol,해골·유해 추모 상징,,Skull memorial,high,"[""skull"", ""bones"", ""유골"", ""해골""]","[""cambodia_genocide""]","{""symbolType"": ""genocide_memorial_visual"", ""unsafeContexts"": [""promo"", ""discount"", ""app_banner""], ""safeContexts"": [""역사교육"", ""박물관""]}"
khm-symbol-choeung-ek-stupa,cambodia,SensitiveSymbol,쯔엉아익 추모탑,,Choeung Ek memorial stupa,high,"[""Choeung Ek"", ""stupa"", ""memorial tower""]","[""cambodia_memorial_sites_reuters""]","{""symbolType"": ""genocide_memorial_visual"", ""unsafeContexts"": [""coupon"", ""financial_event""], ""safeContexts"": [""추모"", ""교육""]}"
khm-symbol-angkor-wat,cambodia,SensitiveSymbol,앙코르와트,អង្គរវត្ត,Angkor Wat,caution,"[""Angkor Wat"", ""앙코르와트"", ""អង្គរវត្ត""]","[""cambodia_national_symbols""]","{""symbolType"": ""national_heritage"", ""unsafeContexts"": [""deformation"", ""mockery"", ""cheap discount""], ""safeContexts"": [""관광 안내"", ""문화 존중""]}"
khm-symbol-flag,cambodia,SensitiveSymbol,캄보디아 국기,ទង់ជាតិ,Cambodian flag,caution,"[""Cambodia flag"", ""국기"", ""ទង់ជាតិ""]","[""cambodia_national_symbols""]","{""symbolType"": ""national_flag"", ""unsafeContexts"": [""distortion"", ""floor"", ""cashback gimmick""], ""safeContexts"": [""공식 축하""]}"
khm-symbol-pagoda,cambodia,SensitiveSymbol,불교 사원·파고다,វត្ត,Pagoda / Buddhist temple,caution,"[""pagoda"", ""temple"", ""wat"", ""사원"", ""វត្ត""]","[""cambodia_pchum_ben""]","{""symbolType"": ""religious_symbol"", ""unsafeContexts"": [""discount mascot"", ""meme""], ""safeContexts"": [""문화 안내"", ""종교 행사""]}"
khm-symbol-monk,cambodia,SensitiveSymbol,승려 이미지,ព្រះសង្ឃ,Buddhist monk,caution,"[""monk"", ""승려"", ""스님"", ""ព្រះសង្ឃ""]","[""cambodia_pchum_ben""]","{""symbolType"": ""religious_symbol"", ""unsafeContexts"": [""cashback character"", ""joke""], ""safeContexts"": [""종교 안내""]}"
vnm-symbol-tank390,vietnam,SensitiveSymbol,390 전차·통일 상징,Xe tăng 390,Tank 390,caution,"[""Tank 390"", ""xe tăng 390"", ""전차""]","[""vietnam_reunification_day""]","{""symbolType"": ""war_victory_symbol"", ""unsafeContexts"": [""card event"", ""discount mascot""], ""safeContexts"": [""역사기념""]}"
vnm-symbol-flag,vietnam,SensitiveSymbol,베트남 국기,cờ đỏ sao vàng,Vietnam flag,caution,"[""Vietnam flag"", ""red flag yellow star"", ""베트남 국기""]","[""vietnam_national_day""]","{""symbolType"": ""national_flag"", ""unsafeContexts"": [""distortion"", ""floor design"", ""cashback gimmick""], ""safeContexts"": [""공식 축하""]}"
vnm-symbol-star-flag,vietnam,SensitiveSymbol,황성·붉은 깃발,cờ đỏ sao vàng,Yellow star flag,caution,"[""yellow star"", ""red flag"", ""cờ đỏ sao vàng""]","[""vietnam_national_day""]","{""symbolType"": ""national_symbol"", ""unsafeContexts"": [""mockery"", ""cheap sale""], ""safeContexts"": [""공식 기념""]}"
vnm-symbol-ba-dinh,vietnam,SensitiveSymbol,바딘 광장,Quảng trường Ba Đình,Ba Dinh Square,caution,"[""Ba Dinh"", ""바딘""]","[""vietnam_national_day""]","{""symbolType"": ""national_site"", ""unsafeContexts"": [""discount event""], ""safeContexts"": [""역사 설명""]}"
vnm-symbol-orange-ribbon,vietnam,SensitiveSymbol,주황색·고엽제 연상,màu da cam,Orange / Agent Orange visual,high,"[""orange ribbon"", ""orange smoke"", ""주황색 고엽제""]","[""vietnam_agent_orange""]","{""symbolType"": ""war_victim_visual"", ""unsafeContexts"": [""cashback theme"", ""orange discount""], ""safeContexts"": [""피해자 지원""]}"
vnm-symbol-war-helicopter,vietnam,SensitiveSymbol,전쟁 헬기·폭격 이미지,,War helicopter / bombing,high,"[""helicopter"", ""bombing"", ""napalm fire""]","[""vietnam_agent_orange""]","{""symbolType"": ""war_harm_visual"", ""unsafeContexts"": [""loan bomb"", ""discount attack""], ""safeContexts"": [""역사교육""]}"
vnm-symbol-apricot-blossom,vietnam,SensitiveSymbol,뗏 꽃 장식,hoa mai,Apricot blossom,info,"[""hoa mai"", ""apricot blossom"", ""yellow blossom""]","[""vietnam_public_holidays""]","{""symbolType"": ""holiday_symbol"", ""unsafeContexts"": [""funeral parody""], ""safeContexts"": [""명절 축하""]}"
vnm-symbol-red-envelope,vietnam,SensitiveSymbol,빨간 봉투,bao lì xì,Red envelope,info,"[""red envelope"", ""lì xì"", ""세뱃돈 봉투""]","[""vietnam_public_holidays""]","{""symbolType"": ""holiday_money_symbol"", ""unsafeContexts"": [""gambling""], ""safeContexts"": [""명절 혜택""]}"
vnm-symbol-temple,vietnam,SensitiveSymbol,사원·조상 숭배 장소,đền,Temple,caution,"[""temple"", ""đền"", ""사원""]","[""vietnam_public_holidays""]","{""symbolType"": ""ancestral_religious_symbol"", ""unsafeContexts"": [""coupon mascot""], ""safeContexts"": [""공식 기념""]}"
mmr-symbol-three-finger-salute,myanmar,SensitiveSymbol,세 손가락 경례,,Three-finger salute,high,"[""three-finger salute"", ""세 손가락"", ""3 finger salute""]","[""myanmar_coup_reuters"", ""three_finger_salute""]","{""symbolType"": ""pro_democracy_symbol"", ""unsafeContexts"": [""promo pose"", ""card design"", ""discount""], ""safeContexts"": [""정치 기사"", ""인권 캠페인""]}"
mmr-symbol-red-ribbon,myanmar,SensitiveSymbol,빨간 리본,,Red ribbon,high,"[""red ribbon"", ""빨간 리본""]","[""myanmar_coup_reuters""]","{""symbolType"": ""cdm_symbol"", ""unsafeContexts"": [""cashback ribbon""], ""safeContexts"": [""인권 캠페인""]}"
mmr-symbol-pot-banging,myanmar,SensitiveSymbol,냄비 두드리기,,Pot-banging protest,caution,"[""pot banging"", ""pots and pans"", ""냄비""]","[""myanmar_coup_reuters""]","{""symbolType"": ""protest_symbol"", ""unsafeContexts"": [""promo noise"", ""discount""], ""safeContexts"": [""정치 설명""]}"
mmr-symbol-burning-village,myanmar,SensitiveSymbol,불탄 마을,,Burning village,high,"[""burning village"", ""fire"", ""불탄 마을""]","[""myanmar_rohingya""]","{""symbolType"": ""conflict_visual"", ""unsafeContexts"": [""cashback fire"", ""loan fire""], ""safeContexts"": [""인권 리포트""]}"
mmr-symbol-refugee-camp,myanmar,SensitiveSymbol,난민 캠프,,Refugee camp,high,"[""refugee camp"", ""난민 캠프""]","[""myanmar_rohingya""]","{""symbolType"": ""humanitarian_visual"", ""unsafeContexts"": [""promo"", ""joke""], ""safeContexts"": [""지원 안내""]}"
mmr-symbol-peacock,myanmar,SensitiveSymbol,공작 상징,,Fighting peacock,caution,"[""peacock"", ""공작""]","[""myanmar_coup_overview""]","{""symbolType"": ""democracy_symbol"", ""unsafeContexts"": [""cashback mascot""], ""safeContexts"": [""문화/정치 설명""]}"
mmr-symbol-water-splash,myanmar,SensitiveSymbol,물 뿌림,,Water splash,info,"[""water splash"", ""물뿌리기""]","[""myanmar_coup_overview""]","{""symbolType"": ""holiday_symbol"", ""unsafeContexts"": [""disaster drowning metaphor""], ""safeContexts"": [""명절 축하""]}"
mmr-symbol-pagoda,myanmar,SensitiveSymbol,파고다,ဘုရား,Pagoda,caution,"[""pagoda"", ""파고다"", ""Shwedagon""]","[""myanmar_coup_overview""]","{""symbolType"": ""religious_symbol"", ""unsafeContexts"": [""discount""], ""safeContexts"": [""문화 안내""]}"
mmr-symbol-shwedagon,myanmar,SensitiveSymbol,쉐다곤 파고다,ရွှေတိဂုံ,Shwedagon Pagoda,caution,"[""Shwedagon"", ""쉐다곤""]","[""myanmar_coup_overview""]","{""symbolType"": ""religious_national_symbol"", ""unsafeContexts"": [""card design gimmick""], ""safeContexts"": [""문화 안내""]}"
mmr-symbol-monk,myanmar,SensitiveSymbol,승려 이미지,ဘုန်းကြီး,Monk image,caution,"[""monk image"", ""승려""]","[""myanmar_coup_overview""]","{""symbolType"": ""religious_symbol"", ""unsafeContexts"": [""promo mascot""], ""safeContexts"": [""종교 안내""]}"
chn-symbol-prc-flag,china,SensitiveSymbol,중국 국기,五星红旗,PRC flag,high,"[""Chinese flag"", ""五星红旗"", ""오성홍기""]","[""china_national_day""]","{""symbolType"": ""national_flag"", ""unsafeContexts"": [""distortion"", ""floor"", ""wrong map""], ""safeContexts"": [""공식 축하""]}"
chn-symbol-tiananmen,china,SensitiveSymbol,천안문 이미지,天安门,Tiananmen visual,high,"[""Tiananmen image"", ""천안문""]","[""china_national_day""]","{""symbolType"": ""national_and_political_site"", ""unsafeContexts"": [""promo joke"", ""tank visual""], ""safeContexts"": [""관광/역사 안내""]}"
chn-symbol-taiwan-flag,china,SensitiveSymbol,대만 국기,青天白日满地红,Taiwan flag,high,"[""Taiwan flag"", ""ROC flag"", ""대만 국기""]","[""china_taiwan_flag_reuters""]","{""symbolType"": ""sovereignty_sensitive_flag"", ""unsafeContexts"": [""used_as_country_flag_in_prc_campaign"", ""wrong protocol""], ""safeContexts"": [""대만 고객 프로토콜에서 검토""]}"
chn-symbol-map,china,SensitiveSymbol,중국 지도,中国地图,China map,high,"[""China map"", ""지도"", ""map""]","[""china_taiwan_flag_reuters"", ""china_tibet_xinjiang_hk_reuters""]","{""symbolType"": ""sovereignty_sensitive_map"", ""unsafeContexts"": [""missing Taiwan"", ""mislabel Hong Kong"", ""separate Tibet/Xinjiang""], ""safeContexts"": [""검토된 공식 지도""]}"
chn-symbol-hk-protest,china,SensitiveSymbol,홍콩 시위 상징,,Hong Kong protest symbols,high,"[""umbrella"", ""black bauhinia"", ""protest flag""]","[""china_tibet_xinjiang_hk_reuters""]","{""symbolType"": ""political_protest_symbol"", ""unsafeContexts"": [""promo"", ""discount""], ""safeContexts"": [""뉴스/역사 설명""]}"
chn-symbol-uyghur,china,SensitiveSymbol,위구르 상징,,Uyghur symbol,high,"[""Uyghur flag"", ""East Turkestan flag""]","[""china_tibet_xinjiang_hk_reuters""]","{""symbolType"": ""ethnic_political_symbol"", ""unsafeContexts"": [""promo"", ""stereotype""], ""safeContexts"": [""인권/문화 설명""]}"
chn-symbol-tibetan-flag,china,SensitiveSymbol,티베트 국기·상징,,Tibetan flag,high,"[""Tibetan flag"", ""snow lion flag""]","[""china_tibet_xinjiang_hk_reuters""]","{""symbolType"": ""political_religious_symbol"", ""unsafeContexts"": [""card design"", ""promo""], ""safeContexts"": [""문화/역사 설명""]}"
chn-symbol-tank-man,china,SensitiveSymbol,탱크맨 이미지,,Tank Man image,high,"[""tank man"", ""man before tank""]","[""china_tibet_xinjiang_hk_reuters""]","{""symbolType"": ""political_memory_visual"", ""unsafeContexts"": [""loan tank"", ""card visual""], ""safeContexts"": [""역사 설명""]}"
chn-symbol-red-envelope,china,SensitiveSymbol,홍바오 봉투,红包,Red envelope,info,"[""red envelope"", ""红包"", ""홍바오""]","[""china_national_day""]","{""symbolType"": ""holiday_money_symbol"", ""unsafeContexts"": [""gambling""], ""safeContexts"": [""명절 송금/캐시백""]}"
chn-symbol-dragon,china,SensitiveSymbol,용,龙,Dragon,info,"[""dragon"", ""용"", ""龙""]","[""china_national_day""]","{""symbolType"": ""cultural_symbol"", ""unsafeContexts"": [""insulting distortion""], ""safeContexts"": [""명절 축하""]}"
tha-symbol-royal-portrait,thailand,SensitiveSymbol,왕실 초상,พระบรมฉายาลักษณ์,Royal portrait,high,"[""royal portrait"", ""king portrait"", ""왕실 초상""]","[""thailand_lese_majeste_reuters""]","{""symbolType"": ""monarchy_visual"", ""unsafeContexts"": [""ad parody"", ""cashback design"", ""app icon""], ""safeContexts"": [""공식 존중""]}"
tha-symbol-yellow-royal,thailand,SensitiveSymbol,왕실 노란색 상징,สีเหลือง,Royal yellow,caution,"[""yellow royal color"", ""왕실 노란색"", ""สีเหลือง""]","[""thailand_lese_majeste_guardian""]","{""symbolType"": ""monarchy_color_symbol"", ""unsafeContexts"": [""political attack"", ""royal discount""], ""safeContexts"": [""공식 행사""]}"
tha-symbol-thai-baht,thailand,SensitiveSymbol,태국 바트화·국왕 초상 지폐,เงินบาท,Thai baht banknote,high,"[""Thai baht"", ""banknote"", ""지폐"", ""เงินบาท""]","[""thailand_lese_majeste_reuters""]","{""symbolType"": ""currency_royal_image"", ""unsafeContexts"": [""distortion"", ""floor"", ""cutout"", ""meme""], ""safeContexts"": [""환전 안내""]}"
tha-symbol-buddha-head,thailand,SensitiveSymbol,불두·불상 머리,พระเศียรพระพุทธรูป,Buddha head,high,"[""Buddha head"", ""불두"", ""Buddha image""]","[""thailand_lese_majeste_guardian""]","{""symbolType"": ""religious_sacred_visual"", ""unsafeContexts"": [""logo"", ""coupon"", ""mascot""], ""safeContexts"": [""문화/종교 안내""]}"
tha-symbol-temple,thailand,SensitiveSymbol,태국 사원,วัด,Thai temple,caution,"[""wat"", ""temple"", ""사원""]","[""thailand_lese_majeste_guardian""]","{""symbolType"": ""religious_place_visual"", ""unsafeContexts"": [""discount background""], ""safeContexts"": [""관광/문화 안내""]}"
tha-symbol-monk,thailand,SensitiveSymbol,승려 이미지,พระสงฆ์,Monk image,high,"[""monk image"", ""승려""]","[""thailand_lese_majeste_guardian""]","{""symbolType"": ""religious_person_visual"", ""unsafeContexts"": [""cashback mascot"", ""joke""], ""safeContexts"": [""종교/문화 안내""]}"
tha-symbol-water-splash,thailand,SensitiveSymbol,물 축제 이미지,สาดน้ำ,Water splash,info,"[""water splash"", ""water gun"", ""물축제""]","[""thailand_lese_majeste_guardian""]","{""symbolType"": ""holiday_symbol"", ""unsafeContexts"": [""drowning joke""], ""safeContexts"": [""송끄란 프로모션""]}"
tha-symbol-floral-shirt,thailand,SensitiveSymbol,송끄란 꽃무늬 셔츠,เสื้อลายดอก,Songkran floral shirt,info,"[""floral shirt"", ""꽃무늬 셔츠""]","[""thailand_lese_majeste_guardian""]","{""symbolType"": ""holiday_symbol"", ""unsafeContexts"": [""political color confusion""], ""safeContexts"": [""명절 프로모션""]}"
tha-symbol-three-finger-salute,thailand,SensitiveSymbol,세 손가락 경례,ชูสามนิ้ว,Three-finger salute,high,"[""three finger salute"", ""세 손가락 경례""]","[""three_finger_salute""]","{""symbolType"": ""protest_visual"", ""unsafeContexts"": [""card benefit pose"", ""youth promo""], ""safeContexts"": [""정치 보도""]}"
tha-symbol-red-yellow-shirts,thailand,SensitiveSymbol,정치색 셔츠,เสื้อแดง/เสื้อเหลือง,Red/yellow shirts,caution,"[""red shirt"", ""yellow shirt"", ""red/yellow""]","[""three_finger_salute""]","{""symbolType"": ""political_color_visual"", ""unsafeContexts"": [""targeted campaign""], ""safeContexts"": [""정치 설명""]}"
fin-interest-rate,shared,FinancialPromoTerm,금리,,interest rate,,"[""금리"", ""이자율"", ""우대금리"", ""최저금리"", ""최고금리"", ""rate"", ""interest rate"", ""lãi suất"", ""អត្រាការប្រាក់"", ""အတိုးနှုန်း"", ""利率"", ""ดอกเบี้ย""]",[],"{""category"": ""financial_benefit"", ""productTypes"": [""loan"", ""deposit"", ""savings""]}"
fin-loan,shared,FinancialPromoTerm,대출,,loan,,"[""대출"", ""신용대출"", ""loan"", ""vay"", ""khoản vay"", ""ប្រាក់កម្ចី"", ""ချေးငွေ"", ""贷款"", ""สินเชื่อ""]",[],"{""category"": ""financial_product"", ""productTypes"": [""loan""]}"
fin-deposit,shared,FinancialPromoTerm,예금/적금,,deposit/savings,,"[""예금"", ""적금"", ""savings"", ""deposit"", ""tiết kiệm"", ""ប្រាក់បញ្ញើ"", ""အပ်ငွေ"", ""存款"", ""เงินฝาก""]",[],"{""category"": ""financial_product"", ""productTypes"": [""deposit"", ""savings""]}"
fin-return,shared,FinancialPromoTerm,수익률,,return/yield,,"[""수익률"", ""수익"", ""yield"", ""return"", ""lợi nhuận"", ""អត្រាចំណេញ"", ""အမြတ်နှုန်း"", ""收益率"", ""ผลตอบแทน""]",[],"{""category"": ""financial_performance"", ""productTypes"": [""investment"", ""fund""]}"
fin-fee,shared,FinancialPromoTerm,수수료,,fee,,"[""수수료"", ""fee"", ""commission"", ""phí"", ""សេវា"", ""အခကြေးငွေ"", ""手续费"", ""ค่าธรรมเนียม""]",[],"{""category"": ""financial_cost"", ""productTypes"": [""card"", ""loan"", ""deposit"", ""remittance""]}"
fin-cashback,shared,FinancialPromoTerm,캐시백,,cashback,,"[""캐시백"", ""cashback"", ""hoàn tiền"", ""បង្វិលសាច់ប្រាក់"", ""ငွေပြန်"", ""返现"", ""เงินคืน""]",[],"{""category"": ""financial_benefit"", ""productTypes"": [""card"", ""payment""]}"
fin-remittance,shared,FinancialPromoTerm,해외송금,,remittance,,"[""해외송금"", ""송금"", ""remittance"", ""transfer"", ""chuyển tiền"", ""ផ្ទេរប្រាក់"", ""ငွေလွှဲ"", ""汇款"", ""โอนเงิน""]",[],"{""category"": ""financial_service"", ""productTypes"": [""remittance""]}"
promo-discount,shared,FinancialPromoTerm,할인/특가,,discount/promotion,,"[""할인"", ""특가"", ""혜택"", ""이벤트"", ""쿠폰"", ""오늘만"", ""한정"", ""discount"", ""promo"", ""deal"", ""ưu đãi"", ""khuyến mãi"", ""បញ្ចុះតម្លៃ"", ""โปรโมชั่น"", ""ส่วนลด"", ""优惠""]",[],"{""category"": ""commercial_promotion"", ""productTypes"": [""all""]}"
